{
  "accuracy": [
    0.5099999904632568,
    0.699999988079071,
    0.753333330154419,
    0.8166666626930237,
    0.8866666555404663,
    0.903333306312561,
    0.9466666579246521,
    0.9666666388511658,
    0.95333331823349,
    0.95333331823349
  ],
  "loss": [
    2.3534939289093018,
    0.9040799736976624,
    0.5320141315460205,
    0.3607509732246399,
    0.2739352583885193,
    0.22628918290138245,
    0.17916353046894073,
    0.13506890833377838,
    0.1351654827594757,
    0.11565367132425308
  ],
  "val_accuracy": [
    0.5,
    0.6458333134651184,
    0.6666666865348816,
    0.7708333134651184,
    0.7291666865348816,
    0.7395833134651184,
    0.7395833134651184,
    0.7604166865348816,
    0.75,
    0.7708333134651184
  ],
  "val_loss": [
    1.8101056814193726,
    0.7644596695899963,
    0.5705658197402954,
    0.49206963181495667,
    0.4670602083206177,
    0.439069002866745,
    0.4217085838317871,
    0.39685937762260437,
    0.4110042154788971,
    0.4324265420436859
  ]
}